,City,Lat,Lng,Max Temp,Humidity,Cloudiness,Wind Speed,Country,Date
0,kapaa,22.0752,-159.319,79.12,83,90,1.01,US,1627139215
1,norman wells,35.2226,-97.4395,86.92,70,1,17.27,US,1627139227
2,rikitea,-23.1203,-134.9692,68.61,55,0,3.51,PF,1627139026
3,saldanha,-33.0117,17.9442,60.28,54,11,6.08,ZA,1627139153
4,anibongan,7.3933,125.7189,79.54,87,42,4.16,PH,1627139227
5,cherskiy,68.75,161.3,37.9,87,69,4.23,RU,1627139033
6,ishigaki,24.3448,124.1572,83.52,85,100,22.03,JP,1627139227
7,sao joao da barra,20.5113,76.2129,76.98,80,100,13.13,IN,1627139228
8,bulgan,48.8125,103.5347,59.47,83,100,1.3,MN,1627139228
9,leningradskiy,69.3833,178.4167,36.18,95,100,2.93,RU,1627139228
10,mys shmidta,62.0589,48.6201,51.69,69,97,9.13,RU,1627139229
11,moron,-34.6534,-58.6198,58.8,82,100,11.99,AR,1627139026
12,omboue,-1.5746,9.2618,76.71,66,35,10.8,GA,1627139229
13,busselton,-33.65,115.3333,55.09,75,99,14.07,AU,1627139229
14,ushuaia,-54.8,-68.3,37.02,85,72,4.25,AR,1627139230
15,jamestown,42.097,-79.2353,77.02,60,1,5.99,US,1627139174
16,mataura,-46.1927,168.8643,39.47,91,90,3.67,NZ,1627138998
17,ugoofaaru,5.6667,73.0,82.9,72,100,5.57,MV,1627139230
18,ahipara,-35.1667,173.1667,52.0,87,19,9.08,NZ,1627139230
19,lompoc,34.6391,-120.4579,56.88,98,90,3.44,US,1627139070
20,ligatne,57.2343,25.0406,73.26,55,30,3.0,LV,1627139231
21,daru,-9.0763,143.2092,78.26,85,98,12.66,PG,1627139231
22,constitucion,-35.3333,-72.4167,52.93,82,99,12.15,CL,1627139186
23,hithadhoo,-0.6,73.0833,82.53,78,84,13.13,MV,1627139159
24,coihaique,-45.5752,-72.0662,34.41,100,90,0.0,CL,1627139232
25,tuktoyaktuk,69.4541,-133.0374,48.87,58,97,14.03,CA,1627138996
26,hilo,19.7297,-155.09,74.8,94,90,3.44,US,1627139113
27,pisco,-13.7,-76.2167,64.45,72,90,3.44,PE,1627139129
28,svetlyy,54.675,20.1347,69.85,51,63,9.8,RU,1627139232
29,hermanus,-34.4187,19.2345,63.81,55,78,1.19,ZA,1627139232
30,deogarh,21.5333,84.7333,78.98,89,96,4.63,IN,1627139233
31,yellowknife,62.456,-114.3525,48.56,70,96,5.01,CA,1627139037
32,saint-philippe,-21.3585,55.7679,72.95,80,55,6.53,RE,1627139233
33,klaksvik,62.2266,-6.589,52.72,94,77,21.99,FO,1627139233
34,nikolskoye,59.7035,30.7861,69.4,35,40,6.33,RU,1627139056
35,kurilsk,45.2333,147.8833,63.46,91,71,4.27,RU,1627139234
36,tiksi,71.6872,128.8694,40.78,91,100,6.49,RU,1627139234
37,huancabamba,-5.2386,-79.4506,70.88,39,33,4.34,PE,1627139234
38,castro,-24.7911,-50.0119,70.02,40,0,7.74,BR,1627139235
39,mantua,45.1667,10.7833,95.7,57,51,3.76,IT,1627139235
40,lakes entrance,61.6071,-149.3086,56.21,89,90,0.0,US,1627139235
41,mount isa,53.6597,-1.8537,71.06,74,100,3.0,GB,1627139235
42,wuhu,31.3366,118.3755,76.12,94,100,9.1,CN,1627139236
43,new norfolk,6.6518,-10.5932,75.34,89,100,4.63,LR,1627139236
44,eureka,40.8021,-124.1637,54.21,75,1,3.67,US,1627138987
45,atuona,-9.8,-139.0333,77.94,67,99,15.57,PF,1627139236
46,waingapu,-9.6567,120.2641,72.55,74,6,5.79,ID,1627139237
47,kishtwar,33.3167,75.7667,72.55,90,42,2.62,IN,1627139237
48,seguela,7.9611,-6.6731,83.1,57,100,6.64,CI,1627139237
49,yatou,37.15,122.3833,75.94,80,52,3.96,CN,1627139238
50,rocha,-34.4833,-54.3333,64.17,75,77,8.52,UY,1627139238
51,arraial do cabo,-22.8362,-46.646,76.89,22,0,5.86,BR,1627139238
52,grand centre,38.8755,-109.5012,79.83,42,100,9.69,US,1627139239
53,avera,33.194,-82.5271,86.38,60,0,5.82,US,1627139239
54,kidal,18.4411,1.4078,93.34,40,93,20.74,ML,1627139239
55,dayong,25.0209,118.2898,79.09,91,100,2.51,CN,1627139239
56,penzance,50.1186,-5.5371,69.12,77,20,14.97,GB,1627139240
57,meiganga,6.5167,14.3,74.53,83,69,5.28,CM,1627139240
58,maceio,-9.6658,-35.7353,81.84,65,75,16.11,BR,1627138973
59,dingle,10.9995,122.6711,78.33,83,98,11.45,PH,1627139240
60,formosa do rio preto,-26.1775,-58.1781,84.63,30,0,12.17,AR,1627139240
61,qaanaaq,77.484,-69.3632,40.01,67,69,3.38,GL,1627139241
62,avarua,-21.2078,-159.775,66.25,94,68,3.44,CK,1627139038
63,jalu,29.0331,21.5482,95.74,17,0,15.77,LY,1627139241
64,hobart,-42.8794,147.3294,44.26,86,98,3.0,AU,1627138998
65,albany,42.6001,-73.9662,78.31,67,2,3.67,US,1627139241
66,jacareacanga,-6.2222,-57.7528,94.17,28,84,4.88,BR,1627139242
67,narsaq,60.9167,-46.05,46.62,90,100,5.26,GL,1627138991
68,tasiilaq,65.6145,-37.6368,42.96,97,100,3.04,GL,1627139242
69,kon tum,5.2197,-3.3876,81.95,60,90,9.44,CI,1627139242
70,bethel,41.3712,-73.414,80.06,60,1,1.01,US,1627139243
71,koster,-25.863,26.8976,50.27,26,0,8.57,ZA,1627139243
72,luderitz,-26.6481,15.1594,69.75,29,4,3.58,NA,1627139243
73,palmer,42.1584,-72.3287,79.32,56,20,1.99,US,1627139243
74,nantucket,41.2835,-70.0995,78.91,47,1,4.61,US,1627139128
75,torbay,47.6666,-52.7314,68.76,75,77,7.99,CA,1627139244
76,karratha,-20.7377,116.8463,71.74,58,17,4.34,AU,1627139244
77,seoul,37.5683,126.9778,81.84,58,46,1.5,KR,1627139226
78,bluff,-46.6,168.3333,39.79,80,88,11.77,NZ,1627139187
79,bull savanna,6.1992,-10.2829,79.54,72,100,8.95,LR,1627139245
80,berdigestyakh,62.0989,126.6992,57.24,96,17,5.82,RU,1627139245
81,vaini,-21.2,-175.2,69.96,100,20,1.14,TO,1627139245
82,port alfred,-7.0349,29.7638,80.24,44,5,6.29,CD,1627139072
83,cururupu,-1.8283,-44.8683,84.04,67,44,6.93,BR,1627139246
84,kaitangata,-46.2817,169.8464,39.92,57,62,4.61,NZ,1627138960
85,sobolevo,54.4299,31.8996,70.83,50,93,1.74,RU,1627139246
86,mucurapo,10.6667,-61.5333,84.02,77,100,4.97,TT,1627139246
87,barrow,71.2906,-156.7887,39.22,87,90,0.0,US,1627139055
88,sierra vista,5.1536,-74.9901,77.23,55,100,5.46,CO,1627139247
89,chumikan,54.7183,135.315,55.24,100,100,4.45,RU,1627139247
90,san patricio,13.3034,-4.8956,95.85,35,55,8.99,ML,1627139247
91,butaritari,3.0707,172.7902,83.52,71,0,15.82,KI,1627139193
92,bredasdorp,-34.5322,20.0403,63.28,64,65,1.14,ZA,1627139248
93,mahebourg,-20.4081,57.7,69.26,71,42,10.25,MU,1627139248
94,port hardy,-7.0349,29.7638,80.24,44,5,6.29,CD,1627139072
95,comodoro rivadavia,-13.6631,-59.7858,86.7,28,6,7.27,BR,1627139248
96,safaga,26.7292,33.9365,89.38,42,0,9.51,EG,1627139249
97,cape town,-36.413,-71.9028,51.33,79,90,9.71,CL,1627139023
98,findlay,41.0442,-83.6499,81.25,69,40,10.36,US,1627139249
99,carnarvon,-24.8667,113.6333,62.67,64,40,6.91,AU,1627139249
100,tostedt,53.2833,9.7167,84.81,53,96,8.84,DE,1627139250
101,yishui,35.7847,118.6281,72.73,89,94,2.86,CN,1627139250
102,hirara,24.8,125.2833,84.88,77,99,19.66,JP,1627139250
103,sehithwa,-20.4667,22.7167,71.38,26,0,11.12,BW,1627139251
104,meadow lake,45.5291,-102.2163,80.29,16,0,8.05,US,1627139251
105,nhulunbuy,-12.2333,136.7667,70.41,88,2,0.0,AU,1627139251
106,longyearbyen,78.2186,15.6401,46.24,76,75,9.22,SJ,1627139189
107,punta arenas,8.9897,125.34,80.6,81,74,1.66,PH,1627139252
108,thompson,55.7435,-97.8558,68.56,52,78,14.0,CA,1627139252
109,ghiror,27.1833,78.8,91.27,58,56,11.18,IN,1627139252
110,kavieng,-2.5744,150.7967,82.31,77,4,10.89,PG,1627139252
111,kodiak,57.79,-152.4072,54.91,94,90,0.0,US,1627139056
112,hasaki,35.7333,140.8333,77.4,83,0,5.99,JP,1627139253
113,shimoda,34.6667,138.95,80.71,83,0,6.89,JP,1627139253
114,bambous virieux,-20.2567,57.4061,68.14,70,21,9.1,MU,1627139253
115,namatanai,-3.6667,152.4333,78.8,82,33,6.11,PG,1627139154
116,provideniya,64.3833,-173.3,47.25,98,100,9.53,RU,1627139254
117,ribeira grande,42.7461,-8.4439,72.52,82,75,4.61,ES,1627139254
118,betong,5.7743,101.0723,73.47,98,76,1.05,TH,1627139254
119,arrecife,28.963,-13.5477,80.58,61,20,21.85,ES,1627139207
120,marsh harbour,53.6512,-1.8078,72.16,74,100,3.0,GB,1627139255
121,babayurt,43.6002,46.7789,83.19,44,97,6.98,RU,1627139255
122,bow island,43.1331,-71.5491,77.2,66,1,1.01,US,1627139255
123,esmeraldas,-19.7625,-44.3139,70.66,35,0,8.08,BR,1627139256
124,bereda,43.2686,-7.5406,68.41,64,74,6.78,ES,1627139256
125,shevchenkove,49.6959,37.1735,82.18,45,74,9.28,UA,1627139256
126,faanui,-16.4833,-151.75,77.94,65,17,13.89,PF,1627139256
127,muvattupula,9.9667,76.5833,76.75,94,68,1.19,IN,1627139257
128,beringovskiy,63.05,179.3167,50.34,91,100,8.66,RU,1627139257
129,airai,-8.9266,125.4092,56.73,45,14,2.93,TL,1627139063
130,pali,25.7667,73.3333,95.58,43,100,8.16,IN,1627139258
131,kahului,20.8947,-156.47,77.85,92,14,5.99,US,1627139032
132,gorontalo,0.5412,123.0595,75.13,84,99,3.4,ID,1627139258
133,christchurch,-43.5333,172.6333,47.91,88,6,8.01,NZ,1627139109
134,caravelas,-17.7125,-39.2481,76.96,58,37,11.7,BR,1627139067
135,cabo san lucas,-8.2833,-35.0333,80.53,64,11,14.36,BR,1627139258
136,hobyo,5.3505,48.5268,79.23,70,89,29.42,SO,1627139259
137,manaure,11.7751,-72.4445,88.14,57,72,15.97,CO,1627139259
138,ballina,-28.8667,153.5667,56.79,59,1,13.69,AU,1627139069
139,severo-kurilsk,50.6789,156.125,53.83,96,85,3.18,RU,1627139259
140,porto novo,41.1496,-8.611,75.2,72,75,1.99,PT,1627139260
141,lavrentiya,65.5833,-171.0,47.7,87,100,8.75,RU,1627139260
142,vardo,70.3705,31.1107,53.8,79,96,27.65,NO,1627139260
143,georgetown,5.4112,100.3354,85.89,69,20,0.0,MY,1627139151
144,chuy,-33.6971,-53.4616,67.15,69,48,2.51,UY,1627139261
145,payo,-3.7508,103.6372,74.1,90,33,3.04,ID,1627139261
146,srandakan,-7.9386,110.2506,75.81,81,1,6.8,ID,1627139261
147,erdaojiang,41.7764,126.0319,71.53,89,61,0.92,CN,1627139261
148,puerto ayora,36.5939,-6.233,95.61,37,0,14.97,ES,1627139000
149,sorong,-0.8833,131.25,78.12,87,100,15.9,ID,1627139262
150,sinnamary,5.3833,-52.95,84.74,67,86,11.61,GF,1627139262
151,tsabong,-26.0217,22.401,64.0,21,0,10.27,BW,1627139263
152,esperance,-33.8667,121.9,53.2,74,16,17.9,AU,1627139263
153,muret,43.3333,1.25,82.74,43,85,10.4,FR,1627139263
154,saskylakh,71.9167,114.0833,55.31,70,91,4.21,RU,1627139079
155,eyl,7.9803,49.8164,79.72,66,100,29.57,SO,1627139263
156,dolores,-36.3132,-57.6792,55.45,49,100,15.26,AR,1627139264
157,bengkulu,-3.8004,102.2655,78.22,83,6,6.98,ID,1627139264
158,alugan,12.2188,125.4808,83.08,67,16,13.06,PH,1627139265
159,dom pedro,5.65,-0.2361,84.31,53,54,15.1,GH,1627139265
160,suleja,9.1758,7.1808,74.1,88,97,6.8,NG,1627139265
161,upernavik,72.7868,-56.1549,38.88,91,99,7.14,GL,1627139266
162,college,64.8569,-147.8028,61.59,95,90,4.61,US,1627139266
163,clyde river,41.3042,-82.9752,81.01,76,78,14.07,US,1627139028
164,wewak,-3.5534,143.6268,77.11,88,55,4.21,PG,1627139266
165,sangar,63.9242,127.4739,62.73,54,6,7.25,RU,1627139266
166,redlands,34.0556,-117.1825,88.93,66,75,0.0,US,1627138968
167,alta floresta,69.9689,23.2717,54.64,81,75,7.0,NO,1627139267
168,husavik,66.0449,-17.3389,61.93,67,96,16.31,IS,1627139039
169,revelstoke,50.9832,-118.2023,69.13,49,6,1.61,CA,1627139267
170,dikson,73.5069,80.5464,37.85,97,100,27.16,RU,1627139042
171,pevek,69.7008,170.3133,37.2,94,90,3.91,RU,1627139268
172,mar del plata,43.4002,-4.0094,75.15,70,20,10.0,ES,1627139069
173,pasighat,28.0667,95.3333,79.59,96,98,3.04,IN,1627139268
174,tautira,-17.7333,-149.15,69.82,68,0,8.75,PF,1627139094
175,olafsvik,64.8945,-23.7142,50.97,93,99,11.68,IS,1627139268
176,tommot,58.9564,126.2925,60.39,98,100,4.56,RU,1627139269
177,pangody,65.85,74.4859,57.92,85,100,5.61,RU,1627139269
178,yulara,-25.2406,130.9889,48.04,49,68,6.91,AU,1627139269
179,salalah,17.0151,54.0924,78.89,94,90,8.05,OM,1627139269
180,wukari,7.85,9.7833,81.03,71,97,9.46,NG,1627139270
181,lebu,-37.6167,-73.65,51.28,76,17,7.87,CL,1627139270
182,gibara,21.1097,-76.1317,88.92,66,66,10.92,CU,1627139271
183,belgrade,44.804,20.4651,85.66,40,0,5.75,RS,1627139058
184,laguna,38.421,-121.4238,81.1,65,1,4.0,US,1627139271
185,spearfish,44.4908,-103.8594,81.88,48,1,1.01,US,1627139271
186,geraldton,-28.7667,114.6,55.81,88,90,6.91,AU,1627139272
187,cortes,41.9395,-1.4396,87.85,19,99,10.16,ES,1627139272
188,acireale,37.6125,15.1663,93.2,49,0,1.99,IT,1627139272
189,tahe,52.3333,124.7333,60.85,97,99,4.32,CN,1627139273
190,stettler,52.3168,-112.7186,65.34,42,6,6.69,CA,1627139040
191,kaura namoda,12.2928,4.4627,86.88,51,76,13.76,NG,1627139273
192,krasnoshchekovo,51.6708,82.7289,67.17,84,9,4.85,RU,1627139273
193,san cristobal,13.3034,-4.8956,95.85,35,55,8.99,ML,1627139247
194,semporna,4.4818,118.6112,80.35,87,29,6.44,MY,1627139274
195,ushtobe,45.2514,77.9838,85.42,20,0,6.4,KZ,1627139274
196,saint-georges,12.0564,-61.7485,82.45,77,100,13.2,GD,1627139274
197,wanaka,-44.7,169.15,36.32,87,100,5.23,NZ,1627139274
198,upata,8.0086,-62.3989,82.18,70,62,7.85,VE,1627139275
199,teguise,29.0605,-13.564,77.22,61,20,21.85,ES,1627139275
200,vikhorevka,56.1201,101.1636,69.39,62,15,2.51,RU,1627139275
201,port moresby,-7.0349,29.7638,80.24,44,5,6.29,CD,1627139036
202,pokrovka,42.3414,78.0056,68.97,36,0,5.73,KG,1627139275
203,port elizabeth,-7.0349,29.7638,80.24,44,5,6.29,CD,1627139065
204,souillac,-20.5167,57.5167,69.37,72,13,9.66,MU,1627139276
205,grand river south east,38.8755,-109.5012,79.83,42,100,9.69,US,1627139009
206,deputatskiy,69.3,139.9,47.08,72,76,6.46,RU,1627139276
207,boende,-0.2167,20.8667,87.67,40,100,2.39,CD,1627139277
208,wadi maliz,17.0667,76.9833,79.79,74,93,15.82,IN,1627139277
209,guerrero negro,17.6667,-100.0,72.84,74,14,2.8,MX,1627139277
210,coquimbo,-29.9533,-71.3436,53.33,93,90,10.36,CL,1627139265
211,ust-maya,60.4167,134.5333,68.13,99,100,7.78,RU,1627139277
212,farrukhabad,27.4,79.5667,90.19,62,41,7.85,IN,1627139278
213,illapel,-31.6308,-71.1653,56.28,68,100,6.33,CL,1627139278
214,burns lake,43.5863,-119.0541,69.42,28,1,3.44,US,1627139278
215,zhigansk,66.7697,123.3711,58.86,73,4,18.07,RU,1627139102
216,praia da vitoria,14.9215,-23.5087,84.74,48,40,13.8,CV,1627139279
217,taoudenni,22.6783,-3.9836,113.47,5,6,9.82,ML,1627139077
218,juegang,32.3174,121.1855,79.11,86,100,21.25,CN,1627139279
219,champerico,14.3,-91.9167,91.72,80,100,5.35,GT,1627139279
220,bilibino,68.0546,166.4372,43.79,82,57,1.34,RU,1627139280
221,flin flon,48.4982,6.6557,76.26,79,80,6.55,FR,1627139280
222,beloha,-25.1667,45.05,62.56,62,70,7.7,MG,1627139280
223,east london,65.0,-15.0,61.86,66,97,18.41,IS,1627139016
224,sayyan,15.1718,44.3244,68.09,52,78,11.52,YE,1627139281
225,evensk,61.95,159.2333,50.11,97,100,2.15,RU,1627139064
226,khatanga,71.9667,102.5,62.37,83,100,7.72,RU,1627139281
227,tulsipur,28.131,82.2973,78.06,88,26,3.15,NP,1627139282
228,fort morgan,52.6517,6.3861,79.18,66,100,5.41,NL,1627139282
229,puerto escondido,36.5939,-6.233,95.61,37,0,14.97,ES,1627139000
230,ariquemes,-9.9133,-63.0408,93.87,27,38,3.44,BR,1627139282
231,santa fe,17.486,120.4348,78.33,92,100,11.3,PH,1627139283
232,necochea,-38.5473,-58.7368,52.03,52,85,15.86,AR,1627139135
233,liverpool,53.4106,-2.9779,75.74,60,20,3.0,GB,1627139283
234,isangel,-19.55,169.2667,75.22,86,6,2.91,VU,1627139283
235,mehamn,71.0357,27.8492,45.0,82,100,26.96,NO,1627139284
236,chinchani,19.8667,72.7,81.59,87,100,14.74,IN,1627139284
237,mikhaylovskaya,44.9947,40.5964,80.96,43,65,8.16,RU,1627139284
238,vila velha,42.0304,-8.1588,67.75,65,65,7.63,PT,1627139285
239,talara,-4.5772,-81.2719,74.16,68,0,10.36,PE,1627139285
240,viedma,-40.8135,-62.9967,51.15,42,100,10.0,AR,1627139078
241,havre-saint-pierre,50.2334,-63.5986,59.85,83,91,5.68,CA,1627139285
242,touros,-5.1989,-35.4608,85.59,52,8,20.18,BR,1627139038
243,mount gambier,53.6597,-1.8537,71.06,74,100,3.0,GB,1627139235
244,paciran,-6.8767,112.3761,77.97,72,0,6.71,ID,1627139286
245,luanda,-8.8368,13.2343,75.2,73,20,11.5,AO,1627139209
246,gallup,35.5281,-108.7426,64.24,82,75,1.01,US,1627139286
247,port macquarie,-7.0349,29.7638,80.24,44,5,6.29,CD,1627139036
248,brae,60.3964,-1.353,55.31,77,100,7.43,GB,1627139287
249,paita,-5.0892,-81.1144,73.96,74,14,8.5,PE,1627139065
250,celestun,20.8667,-90.4,83.89,69,63,4.16,MX,1627139287
251,bida,9.0833,6.0167,78.93,74,94,5.44,NG,1627139287
252,khonsa,27.0167,95.5667,70.61,97,77,3.33,IN,1627139288
253,bijawar,24.6333,79.5,79.9,87,100,5.99,IN,1627139288
254,grindavik,63.8424,-22.4338,52.27,87,75,16.11,IS,1627139049
255,basco,20.4487,121.9702,82.71,88,99,31.59,PH,1627139032
256,asau,46.4333,26.4,78.28,48,78,2.91,RO,1627139288
257,kodinsk,58.6881,99.1844,67.48,64,20,3.53,RU,1627139289
258,moranbah,-22.0016,148.0466,56.88,48,10,7.85,AU,1627139289
259,pierre,44.3683,-100.351,88.99,68,1,8.99,US,1627139289
260,san quintin,13.3034,-4.8956,95.85,35,55,8.99,ML,1627139135
261,barsovo,61.1667,73.1667,60.93,94,100,5.46,RU,1627139290
262,alexandria,31.2156,29.9553,81.39,63,0,17.25,EG,1627139290
263,cidreira,-30.1811,-50.2056,70.47,49,0,2.44,BR,1627139290
264,doka,13.5167,35.7667,69.26,98,100,7.14,SD,1627139040
265,hovd,48.0056,91.6419,71.38,38,78,2.98,MN,1627139291
266,malumfashi,11.7853,7.6218,79.93,64,80,11.9,NG,1627139291
267,san vicente,13.3034,-4.8956,95.85,35,55,8.99,ML,1627139117
268,ulaanbaatar,47.9077,106.8832,60.73,63,87,4.18,MN,1627139023
269,nanortalik,60.1432,-45.2371,43.84,97,100,11.14,GL,1627139292
270,beitbridge,-22.2167,30.0,65.77,31,3,15.23,ZW,1627139292
271,urengoy,65.9667,78.3667,55.0,98,100,6.38,RU,1627139292
272,byron bay,44.0327,-92.6455,79.05,82,40,4.0,US,1627139292
273,orlik,52.5178,99.825,62.37,72,100,3.74,RU,1627139293
274,baghdad,33.3406,44.4009,111.11,16,0,12.66,IQ,1627139162
275,leshukonskoye,64.8989,45.7622,46.04,93,100,7.25,RU,1627139293
276,kovur,14.4833,79.9833,92.61,45,80,13.06,IN,1627139293
277,eugene,44.0521,-123.0867,69.1,76,1,1.99,US,1627139040
278,fortuna,40.5982,-124.1573,53.94,100,1,0.0,US,1627139294
279,mutata,7.2441,-76.4356,74.53,99,100,1.52,CO,1627139294
280,gazalkent,41.5581,69.7708,98.96,14,0,5.44,UZ,1627139294
281,fairbanks,64.8378,-147.7164,61.61,95,90,1.01,US,1627139121
282,dobryatino,55.5055,41.3195,61.39,63,100,3.13,RU,1627139295
283,lipari,38.4674,14.954,88.32,62,0,8.01,IT,1627139295
284,garowe,8.4054,48.4845,83.25,40,92,23.78,SO,1627139295
285,kologriv,58.8275,44.3178,61.07,41,98,6.2,RU,1627139295
286,talnakh,69.4865,88.3972,57.06,66,64,8.61,RU,1627139296
287,kang,-23.6752,22.7876,63.52,23,0,9.69,BW,1627139296
288,petropavlovsk-kamchatskiy,53.0452,158.6483,53.04,92,22,1.3,RU,1627139039
289,mahibadhoo,3.7833,72.9667,82.42,75,96,3.15,MV,1627139296
290,tongren,27.7172,109.1853,74.88,91,45,3.78,CN,1627139297
291,sarkand,45.41,79.9186,76.33,32,0,5.53,KZ,1627139297
292,usinsk,65.9939,57.5281,51.53,81,100,7.34,RU,1627139297
293,anadyr,64.75,177.4833,55.0,100,100,5.99,RU,1627139029
294,bathsheba,13.2167,-59.5167,86.61,74,40,14.97,BB,1627139298
295,victoria,22.2855,114.1577,87.96,85,84,1.01,HK,1627139039
296,pangai,-19.8,-174.35,78.1,81,0,8.12,TO,1627139298
297,guadalupe y calvo,25.6833,-100.25,84.34,72,1,4.61,MX,1627139298
298,poum,-20.2333,164.0167,72.05,85,7,5.84,NC,1627139298
299,qasigiannguit,68.8193,-51.1922,44.85,94,85,8.93,GL,1627139299
300,arlit,18.7369,7.3853,101.35,24,9,4.9,NE,1627139299
301,iralaya,15.0,-83.2333,82.83,74,100,11.95,HN,1627139299
302,svetlogorsk,52.6333,29.7333,72.72,63,73,4.56,BY,1627139300
303,konya,38.1667,32.5,78.28,25,1,12.59,TR,1627139006
304,korla,41.7597,86.1469,94.77,17,0,6.4,CN,1627139300
305,lagoa,39.05,-27.9833,70.88,95,11,14.63,PT,1627139300
306,manta,-0.95,-80.7333,75.87,73,100,5.79,EC,1627139300
307,kattivakkam,13.2167,80.3167,89.69,66,95,10.98,IN,1627139301
308,ust-nera,64.5667,143.2,59.43,97,100,5.68,RU,1627139301
309,iqaluit,63.7506,-68.5145,49.69,66,100,13.0,CA,1627139301
310,batticaloa,7.7102,81.6924,84.74,65,100,9.19,LK,1627139302
311,northam,51.0333,-4.2167,72.66,86,87,13.82,GB,1627139302
312,hualmay,-11.0964,-77.6139,66.16,73,45,7.47,PE,1627139302
313,norrtalje,59.758,18.705,79.29,48,61,6.98,SE,1627139302
314,terny,50.9833,33.9833,75.15,58,76,0.56,UA,1627139303
315,cockburn town,-32.0833,141.0,47.66,70,19,19.08,AU,1627139303
316,jaltepec,19.7333,-98.6333,61.23,56,6,2.06,MX,1627139303
317,dukat,62.55,155.55,47.59,92,100,4.5,RU,1627139304
318,chlorakas,34.8042,32.4083,90.55,65,20,11.5,CY,1627139304
319,zhezkazgan,47.8043,67.7144,93.07,16,19,8.32,KZ,1627139304
320,southbridge,42.0751,-72.0334,79.02,58,0,4.0,US,1627139304
321,palora,-1.7,-77.9333,68.76,75,100,0.4,EC,1627139305
322,labuhan,-6.8844,112.2051,77.29,76,0,5.91,ID,1627139121
323,ziniare,12.5822,-1.2983,86.85,50,100,8.41,BF,1627139305
324,erenhot,43.6475,111.9767,67.75,84,100,9.08,CN,1627139305
325,yumen,40.2833,97.2,78.94,44,100,14.18,CN,1627139306
326,ternate,0.8,127.4,81.37,77,100,6.69,ID,1627139306
327,limbang,4.75,115.0,82.51,97,5,2.15,MY,1627139306
328,mairinque,-23.5458,-47.1833,74.12,29,0,5.93,BR,1627139306
329,goderich,43.7501,-81.7165,69.91,85,96,18.45,CA,1627139307
330,vicuna,-30.0319,-70.7081,46.13,79,100,2.19,CL,1627139227
331,nouadhibou,20.931,-17.0347,68.38,92,2,16.31,MR,1627139307
332,mutsu,41.2894,141.2169,75.0,100,75,5.75,JP,1627139307
333,dalvik,65.9702,-18.5286,62.33,69,100,5.08,IS,1627139307
334,erzin,36.9559,36.2,91.92,60,0,11.16,TR,1627139308
335,kyshtovka,56.555,76.6271,71.56,79,50,5.53,RU,1627139308
336,katherine,-14.4667,132.2667,68.32,49,100,5.75,AU,1627139308
337,kolondieba,11.0882,-6.8926,84.24,62,98,7.78,ML,1627139309
338,hamamatsu,34.7,137.7333,80.65,85,4,1.99,JP,1627139309
339,karauli,26.5,77.0167,92.23,60,96,2.75,IN,1627139172
340,karaj,35.8355,51.0103,100.92,12,0,8.79,IR,1627139309
341,miraflores,19.2167,-98.8083,63.03,57,5,3.2,MX,1627139310
342,tabas,33.5959,56.9244,105.33,8,0,17.81,IR,1627139310
343,northampton,40.8754,-75.2499,80.73,61,4,1.99,US,1627139310
344,altamira,-3.2033,-52.2064,90.64,38,95,6.06,BR,1627139311
345,ribeira brava,42.7461,-8.4439,72.52,82,75,4.61,ES,1627139182
346,kankaanpaa,61.8,22.4167,74.8,37,32,9.4,FI,1627139311
347,teya,60.3778,92.6267,67.86,60,93,2.64,RU,1627139311
348,virginia beach,37.5481,-77.4467,84.18,71,40,4.61,US,1627139312
349,yenagoa,4.9247,6.2642,83.28,57,86,10.29,NG,1627139312
350,malinyi,-8.9333,36.1333,77.99,42,82,2.98,TZ,1627139312
351,okhotsk,59.3833,143.3,56.39,93,93,7.99,RU,1627139312
352,nkoteng,4.5167,12.0333,77.43,79,51,5.53,CM,1627139313
353,ponta do sol,38.7333,-28.2667,74.08,92,16,13.82,PT,1627139313
354,sardarshahr,28.4333,74.4833,96.39,47,94,7.23,IN,1627139313
355,san bartolome de tirajana,13.3034,-4.8956,95.85,35,55,8.99,ML,1627139167
356,tanabe,33.7333,135.3667,77.94,78,59,1.01,JP,1627139314
357,vestmannaeyjar,63.4427,-20.2734,54.59,94,90,14.97,IS,1627139137
358,mercedes,-34.6515,-59.4307,59.04,70,100,13.96,AR,1627139314
359,kampot,10.6167,104.1833,84.25,78,100,14.61,KH,1627139314
360,namibe,-15.1961,12.1522,74.52,55,0,7.61,AO,1627139116
361,sambava,-14.2667,50.1667,72.91,74,6,18.79,MG,1627139314
362,peniche,39.3558,-9.3811,78.62,77,1,12.21,PT,1627139315
363,haveri,14.8,75.4,73.69,87,99,13.4,IN,1627139315
364,locri,38.2414,16.2623,89.51,53,0,6.35,IT,1627139315
365,kaihua,23.3687,104.28,68.27,89,100,1.83,CN,1627139316
366,faya,18.3851,42.4509,79.32,44,87,6.04,SA,1627139316
367,nioki,-2.7167,17.6833,98.38,18,47,3.02,CD,1627139316
368,saint-augustin,51.226,-58.6502,56.68,69,90,8.77,CA,1627139316
369,kruisfontein,-34.0033,24.7314,59.88,43,0,7.67,ZA,1627139317
370,aklavik,68.2191,-135.0107,55.06,52,99,7.23,CA,1627139096
371,tazovskiy,67.4667,78.7,53.76,70,100,5.37,RU,1627139317
372,hami,42.8,93.45,94.42,26,41,5.61,CN,1627139317
373,port hedland,-7.0349,29.7638,80.24,44,5,6.29,CD,1627139036
374,neuquen,-38.9516,-68.0591,47.77,35,100,10.27,AR,1627139318
375,muyezerskiy,63.9333,31.65,58.51,54,100,3.91,RU,1627139318
376,ngama,11.7833,17.1667,90.52,42,92,7.85,TD,1627139318
377,nome,64.5011,-165.4064,44.67,93,90,4.61,US,1627139318
378,luwuk,-0.9516,122.7875,75.63,73,100,5.84,ID,1627139132
379,tabou,4.423,-7.3528,78.73,67,100,7.76,CI,1627139160
380,huarmey,-10.0681,-78.1522,67.39,72,38,8.99,PE,1627139092
381,kindu,-2.95,25.95,93.96,23,53,3.87,CD,1627139319
382,ketchikan,55.3422,-131.6461,55.87,94,90,8.05,US,1627139069
383,sechura,-5.5569,-80.8222,69.21,69,19,5.5,PE,1627139319
384,brandon,27.9378,-82.2859,89.2,80,40,4.0,US,1627139320
385,sola,-13.8833,167.55,80.64,74,95,13.11,VU,1627139320
386,atbasar,51.8,68.3333,81.61,41,99,10.09,KZ,1627139320
387,masallatah,32.6167,14.0,86.25,40,0,15.84,LY,1627139321
388,ambilobe,-13.2,49.05,72.57,65,90,2.71,MG,1627139321
389,egvekinot,66.3167,-179.1667,44.2,98,100,2.26,RU,1627139321
390,berlevag,70.8578,29.0864,45.36,84,100,27.94,NO,1627139321
391,balykshi,47.0667,51.8667,87.8,27,0,13.42,KZ,1627139322
392,konispol,39.6589,20.1814,86.95,44,3,5.23,AL,1627139322
393,mapimi,25.8167,-103.85,75.97,42,65,5.82,MX,1627139322
394,angoche,-16.2325,39.9086,70.74,62,91,20.49,MZ,1627139323
395,camacha,33.0833,-16.3333,74.62,61,20,18.41,PT,1627139323
396,ati,13.2154,18.3353,94.32,35,92,11.52,TD,1627139323
397,kyren,51.6828,102.1408,60.87,81,79,0.34,RU,1627139323
398,progreso,21.2833,-89.6667,87.12,70,100,5.59,MX,1627139324
399,tambura,5.6,27.4667,81.3,61,69,4.56,SS,1627139324
400,ambon,-3.6954,128.1814,78.26,85,100,7.67,ID,1627139324
401,howard springs,39.2504,-76.933,83.68,57,14,3.0,US,1627139325
402,chokurdakh,70.6333,147.9167,34.2,94,18,11.36,RU,1627139325
403,lazaro cardenas,19.4558,-71.3261,93.47,41,4,3.47,DO,1627139077
404,candido mendes,1.2508,-75.6013,71.73,85,100,1.61,CO,1627139325
405,aykhal,66.0,111.5,56.71,60,100,0.76,RU,1627139326
406,linxia,35.6003,103.2064,72.45,65,51,2.57,CN,1627139326
407,san rafael del sur,13.3034,-4.8956,95.85,35,55,8.99,ML,1627139117
408,yar-sale,66.8333,70.8333,56.84,65,100,9.8,RU,1627139326
409,nioro,13.35,-15.75,92.48,37,66,7.0,GM,1627139326
410,san juan,13.3034,-4.8956,95.85,35,55,8.99,ML,1627139135
411,kutum,14.2,24.6667,88.27,34,82,9.46,SD,1627139327
412,manado,1.487,124.8455,77.77,83,40,0.0,ID,1627139327
413,raudeberg,61.9875,5.1352,67.78,92,99,7.27,NO,1627139327
414,gat,31.61,34.7642,85.78,30,2,11.23,IL,1627139328
415,sakata,38.9167,139.855,75.38,87,3,8.48,JP,1627139328
416,richards bay,46.8361,-95.9123,76.5,50,1,6.91,US,1627139328
417,coahuayana,18.7333,-103.6833,81.88,83,97,1.86,MX,1627139328
418,kasongo-lunda,-6.4667,16.8167,95.59,14,0,3.83,CD,1627139329
419,shanhetun,44.7,127.2,75.65,70,87,5.26,CN,1627139118
420,pandan,14.0453,124.1694,82.35,78,72,16.17,PH,1627139329
421,puerto colombia,36.5939,-6.233,95.61,37,0,14.97,ES,1627139329
422,ixtapa,20.7,-105.2,80.22,89,90,5.75,MX,1627139330
423,mareeba,-17.0,145.4333,62.44,96,45,1.59,AU,1627139170
424,yerbogachen,61.2767,108.0108,64.35,70,86,2.86,RU,1627139330
425,klyavlino,54.2649,52.0267,66.79,60,48,10.78,RU,1627139330
426,naze,28.3667,129.4833,78.01,91,100,23.33,JP,1627139331
427,menongue,-14.6585,17.691,80.73,11,0,8.41,AO,1627139331
428,lasa,46.6166,10.7002,82.31,70,93,6.91,IT,1627139128
429,lysa nad labem,49.2394,25.0159,80.74,58,23,7.05,UA,1627139331
430,mogadishu,2.0371,45.3438,76.91,78,72,25.28,SO,1627139331
431,bikramganj,25.2,84.25,86.43,70,24,10.42,IN,1627139332
432,indiana,40.0003,-86.2503,82.78,73,1,12.66,US,1627139332
433,helong,42.5397,128.9972,69.93,93,16,4.54,CN,1627139332
434,barkhan,29.8977,69.5256,93.11,29,28,7.29,PK,1627139333
435,sulaco,14.9167,-87.2667,79.56,68,100,4.23,HN,1627139333
436,prescott valley,34.54,-112.4685,67.35,91,75,3.0,US,1627139333
437,gamba,-2.65,10.0,75.34,68,22,11.27,GA,1627139333
438,sinjar,36.3209,41.8754,100.08,15,0,14.88,IQ,1627139334
439,paamiut,61.994,-49.6678,41.81,98,100,3.42,GL,1627139334
440,elizabeth city,40.664,-74.2107,84.52,54,20,3.44,US,1627139334
441,along,28.1667,94.7667,77.81,99,63,0.94,IN,1627139335
442,togur,58.3631,82.8265,68.61,66,1,3.8,RU,1627139335
443,kaeo,-35.1,173.7833,53.33,91,39,9.24,NZ,1627139335
444,dourbali,11.8091,15.8632,87.87,52,90,6.8,TD,1627139336
445,molteno,-31.3968,26.3625,47.68,20,0,12.33,ZA,1627139336
446,moree,-29.4667,149.85,51.82,66,90,9.22,AU,1627139139
447,matagami,49.7502,-77.6328,69.69,54,100,13.31,CA,1627139336
448,meulaboh,4.1363,96.1285,79.27,83,100,3.78,ID,1627139336
449,benavente,42.0025,-5.6783,80.89,23,30,5.88,ES,1627139337
450,santa marta,17.486,120.4348,78.33,92,100,11.3,PH,1627139337
451,codrington,-38.2667,141.9667,45.43,66,98,17.6,AU,1627139337
452,miandrivazo,-19.5167,45.4667,76.95,37,0,3.69,MG,1627139338
453,ust-abakan,53.8525,91.3742,73.31,78,100,4.47,RU,1627139338
454,cayenne,4.9333,-52.3333,86.09,77,75,5.99,GF,1627139338
455,opuwo,-18.0607,13.84,77.09,8,0,11.97,NA,1627139339
456,kununurra,-15.7667,128.7333,66.18,68,100,0.0,AU,1627139339
457,yulin,22.6333,110.15,82.9,76,61,1.92,CN,1627139339
458,plouzane,48.3833,-4.6167,64.42,94,90,6.91,FR,1627139339
459,marystown,47.1666,-55.1483,60.6,82,98,10.2,CA,1627139340
460,tarbagatay,51.4803,107.3602,60.33,75,0,2.66,RU,1627139340
461,kaputa,-8.4689,29.6619,81.34,30,3,4.52,ZM,1627139340
462,muncie,40.1934,-85.3864,81.72,79,30,1.99,US,1627139341
463,panjab,34.388,67.0233,69.1,31,86,21.97,AF,1627139341
464,guerrero,17.6667,-100.0,72.84,74,14,2.8,MX,1627139277
465,ust-karsk,52.7011,118.8077,59.25,96,74,3.24,RU,1627139341
466,whitefish,48.4111,-114.3376,65.37,56,1,0.0,US,1627139342
467,port-gentil,-0.7193,8.7815,75.38,74,16,11.43,GA,1627139343
468,onalaska,43.8844,-91.2351,82.26,83,40,4.61,US,1627139343
469,ostrovnoy,68.0531,39.5131,48.27,83,100,22.79,RU,1627139343
470,bonnyville,54.2668,-110.735,66.11,43,20,16.17,CA,1627139344
471,acatlan,20.15,-98.45,63.0,49,7,2.57,MX,1627139344
472,aswan,24.0934,32.907,103.53,13,0,18.59,EG,1627139345
473,mian channun,33.1588,106.6852,74.23,91,8,2.17,CN,1627139345
474,guiren,33.6697,118.1889,75.83,91,100,8.25,CN,1627139345
475,jilib,0.4883,42.7854,77.94,64,44,14.14,SO,1627139346
476,sorland,67.667,12.6934,53.67,97,100,14.43,NO,1627139091
477,trebinje,42.7119,18.3442,84.76,44,0,4.61,BA,1627139346
478,west plains,31.8024,-97.0917,84.24,77,75,10.0,US,1627139346
479,lanjaghbyur,40.2715,45.1404,74.17,84,55,9.48,AM,1627139347
480,gao,16.6362,1.637,84.69,46,100,6.02,ML,1627139347
481,tuatapere,-46.1333,167.6833,39.81,84,100,7.61,NZ,1627139347
482,acapulco,16.8634,-99.8901,84.02,70,75,4.61,MX,1627139347
483,tutoia,-2.7619,-42.2744,91.38,48,21,4.61,BR,1627139086
484,margate,51.3813,1.3862,72.3,79,24,4.47,GB,1627139348
485,burnie,-41.0667,145.9167,44.92,79,100,21.61,AU,1627139348
486,castelldefels,41.2779,1.9703,98.53,71,20,5.99,ES,1627139349
487,manfredonia,41.6259,15.9094,89.17,40,3,10.18,IT,1627139349
488,zmeinogorsk,51.1567,82.195,65.44,81,23,2.82,RU,1627139349
489,lages,-27.8161,-50.3261,69.31,40,0,4.09,BR,1627139349
490,kysyl-syr,63.8986,122.7617,65.16,54,49,7.58,RU,1627139350
491,quelimane,-17.8786,36.8883,71.55,60,75,10.36,MZ,1627139350
492,panama city,9.0,-80.0,78.57,86,100,6.2,PA,1627139092
493,neepawa,50.2289,-99.4664,70.81,37,0,16.75,CA,1627139350
494,yuksekova,37.5736,44.2872,82.0,14,0,10.38,TR,1627139351
495,qaqortoq,60.7167,-46.0333,46.9,95,100,7.4,GL,1627139351
496,hamilton,39.1834,-84.5333,82.49,67,1,1.01,US,1627139351
497,hukuntsi,-24.0,21.75,64.81,19,0,10.4,BW,1627139351
498,riberalta,-10.9833,-66.1,92.5,29,3,1.77,BO,1627139352
499,cabra,37.4725,-4.4421,98.04,16,0,7.0,ES,1627139352
500,jaumave,23.4167,-99.3833,74.48,30,6,3.65,MX,1627139352
501,liusha,27.2098,108.59,68.68,95,63,3.31,CN,1627139353
502,punta de bombon,8.9897,125.34,80.6,81,74,1.66,PH,1627139252
503,pilar,-9.5972,-35.9567,80.53,64,41,13.11,BR,1627139353
504,katsuura,35.1333,140.3,82.11,83,0,5.97,JP,1627139353
505,harper,4.375,-7.7169,79.48,64,100,8.28,LR,1627139072
506,preobrazheniye,42.9019,133.9064,73.53,91,1,6.73,RU,1627139354
507,barra do corda,-11.0894,-43.1417,83.26,41,70,12.77,BR,1627139354
508,cascais,38.6979,-9.4215,78.51,58,20,8.99,PT,1627139354
509,pishin,30.5803,66.9961,91.76,18,84,2.39,PK,1627139295
510,cullera,39.1667,-0.25,92.79,79,2,5.99,ES,1627139355
511,orahovac,42.3994,20.6547,84.06,30,33,10.29,XK,1627139355
512,ziro,27.6333,93.8333,68.74,99,56,1.5,IN,1627139355
513,altay,47.8667,88.1167,70.47,44,0,7.47,CN,1627139083
514,shakawe,-18.3667,21.85,78.46,18,0,7.9,BW,1627139356
515,ola,59.5833,151.2833,51.12,95,100,4.83,RU,1627139356
516,auki,-8.7676,160.7034,77.4,86,68,4.05,SB,1627139356
517,shatsk,54.0258,41.7119,66.87,50,90,2.75,RU,1627139356
518,kathu,7.9178,98.3332,87.69,75,100,13.42,TH,1627139357
519,providencia,28.7167,-111.5833,88.09,77,89,8.99,MX,1627139357
520,port blair,-7.0349,29.7638,80.24,44,5,6.29,CD,1627139072
521,ghanzi,-21.5667,21.7833,67.23,22,0,11.1,BW,1627139357
522,imeni poliny osipenko,7.3199,5.9646,79.2,76,88,8.23,NG,1627139358
523,artyshta,54.1222,86.2909,64.44,95,15,4.45,RU,1627139075
524,mandalgovi,45.7625,106.2708,64.72,73,71,9.28,MN,1627139358
525,lorengau,-2.0226,147.2712,80.82,81,9,6.29,PG,1627139358
526,biak,-0.9131,122.8766,75.18,74,100,7.09,ID,1627139359
527,omaruru,-21.4333,15.9333,75.33,5,0,10.13,NA,1627139359
528,dunmore east,41.4198,-75.6324,79.07,61,1,3.0,US,1627139158
529,mabaruma,8.2,-59.7833,82.83,80,100,4.83,GY,1627139359
530,mariental,-24.6333,17.9667,68.67,8,0,12.17,NA,1627139360
531,sitka,57.0531,-135.33,55.29,88,90,3.44,US,1627139351
532,luganville,-15.5333,167.1667,78.22,84,99,3.11,VU,1627139360
533,inverness,57.4791,-4.224,67.98,80,40,8.99,GB,1627139128
534,baie-comeau,49.2168,-68.1489,65.86,63,21,4.79,CA,1627139204
535,abu kamal,24.6,72.7,73.83,75,100,10.42,IN,1627139360
536,gizo,-8.103,156.8419,82.08,77,75,3.71,SB,1627139361
537,gayny,60.3071,54.3241,60.4,41,95,5.28,RU,1627139361
538,langenlois,48.4904,15.6521,87.39,48,6,9.24,AT,1627139361
539,tartus,34.889,35.8866,86.29,72,0,12.46,SY,1627139361
540,high level,33.6123,-95.7472,84.85,69,0,9.71,US,1627139362
541,moose factory,43.6558,-110.7183,65.23,47,1,3.44,US,1627139362
542,nemuro,43.3236,145.575,61.56,97,44,9.69,JP,1627139362
543,vao,-22.6667,167.4833,70.7,85,31,8.23,NC,1627139362
544,khani,41.9563,42.9566,71.17,79,63,5.1,GE,1627139363
545,oblivskaya,48.5362,42.5014,87.37,27,4,6.17,RU,1627139363
546,cordoba,-31.4135,-64.1811,66.67,40,21,5.5,AR,1627139317
547,tromso,69.6496,18.957,57.85,87,75,1.99,NO,1627139363
548,bowen,-20.0167,148.2333,66.63,51,6,7.02,AU,1627139364
549,hachinohe,40.5,141.5,74.82,96,9,2.86,JP,1627139364
550,consuegra,39.4625,-3.608,90.43,10,18,17.67,ES,1627139364
551,roald,62.5833,6.1333,80.11,88,75,6.91,NO,1627139365
552,dawson creek,31.7735,-84.4466,86.38,62,0,6.58,US,1627139365
553,eston,51.1501,-108.7514,66.92,35,1,13.2,CA,1627139365
554,oriximina,-1.7656,-55.8661,91.22,42,99,5.97,BR,1627139365
555,mollendo,-17.0231,-72.0147,62.26,78,68,9.01,PE,1627139366
556,chipinge,-20.1883,32.6236,57.22,40,9,8.86,ZW,1627139366
557,donskoye,45.4552,41.9741,84.69,36,38,7.72,RU,1627139366
558,contamana,-7.3333,-75.0167,86.77,42,19,1.5,PE,1627139366
559,sao filipe,20.5113,76.2129,76.98,80,100,13.13,IN,1627139082
560,broome,42.2506,-75.833,77.56,65,1,1.01,US,1627139190
561,alihe,50.5667,123.7167,63.01,95,100,2.89,CN,1627139119
562,pacific grove,38.482,-90.7415,89.37,78,5,1.01,US,1627139367
563,robertsport,6.7533,-11.3686,77.27,82,100,13.78,LR,1627139367
564,manuk mangkaw,-7.903,111.5033,72.39,86,1,4.45,ID,1627139368
565,bratsk,56.1325,101.6142,68.49,63,20,3.67,RU,1627139368
566,sayat,38.7839,63.8803,100.02,7,0,14.45,TM,1627139368
567,srednekolymsk,67.45,153.6833,47.64,72,100,9.37,RU,1627139368
568,kloulklubed,7.0419,134.2556,82.9,79,100,13.62,PW,1627139101
